"","Androgen","EGFR","Estrogen","Hypoxia","JAK-STAT","MAPK","NFkB","PI3K","TGFb","TNFa","Trail","VEGF","WNT","p53"
"SAM7f0d9cc7f001",0.838592269285885,0.15234397522983,-0.00614381395037015,-0.498117393258052,-0.341744524188872,-0.638151306518149,1.53687080584742,-0.7553984683179,0.36580815687648,0.110579153223617,1.339709857712,-0.833852019682006,-0.19683762377594,0.23745278158247
"SAM4305ab968b90",-1.59019699209317,-0.676354963007455,-0.0733894940463134,-0.0746621556855118,-1.88701861072157,0.89925075148446,-1.95041484065838,-0.504650959049605,-1.92595999517861,-1.05809183366616,-1.80531057420762,1.89377880411669,-1.17147793383578,0.0417948401460692
"SAMcf018fee2acd",0.708268999558613,-0.0154420411294143,-1.334682975867,-0.0947489580076697,0.0630936308288295,-1.02021969082373,0.168684761071589,-1.85864289228378,-0.774360789055311,-0.668840669659461,1.01912033173779,-1.02143556171885,0.0394142531302342,1.40812823122774
"SAMcc4675f394a1",2.31363167978987,-0.131073068855526,-0.470117413343392,-0.119570358416075,-0.717754246232773,-1.67571088493365,-0.842872199545815,-1.08325503272558,-0.0188427661165136,1.02099676408901,0.215680089761797,-1.07981851364764,0.520722744004147,0.601473899574995
"SAM49f9b2e57aa5",-0.720695983861628,-0.0768165453008288,0.114549918983431,0.00635411958642567,-1.63114812659191,1.0598329635732,-0.526464456357091,0.126067789432219,-0.731240213472517,-1.12893728995628,-0.457819160789118,-0.794758629795908,0.25524915772054,-0.0702690711776921
"SAM2e7aa8fa0ab3",-1.61534837330694,-0.97382923248341,-1.40704531827222,0.142770912789397,-0.415617378028443,-1.43423737023285,-0.00846190032911911,0.0381839482008241,-0.219349597282636,-0.792564668271759,-0.429119726436313,0.923212511732355,1.08190524627805,0.432069667814529
"SAMdf3e42c8672a",-0.0187416052309312,1.05650547738445,1.5555494743784,1.18105287059719,0.276019188814936,1.53251965256381,0.437162406239269,1.47481472714133,-0.117847314973128,0.973436252361726,-0.413451971780769,0.831861594815459,-0.250485083312599,-1.06846544662625
"SAMd027124354ce",-1.19530272150701,-0.420991207238604,2.43202885985007,1.72919108551319,-0.511965715454131,0.86041176352699,-0.359406334451328,1.63592685824649,0.0807323567739046,-0.255563221655337,-1.04297999158014,-1.13034498402353,-0.710046589297137,-1.35407915215055
"SAMe7bf6c015192",0.236984160997932,0.269635657185798,-0.564704583461017,0.00150983071924816,0.578049017563455,-0.622073268590792,0.541137180739197,0.724055935186114,0.166972021001062,0.919354307712605,0.936920855723944,0.0744844078079061,-0.0356570302609526,0.039149461456836
"SAM6dd7ad1d797d",-1.470931846516,1.68955322413202,1.33429394671953,-0.446348265442469,2.12931914741044,1.05750963287302,1.78534807480272,2.00058864094283,1.64300705543839,0.819480160878481,0.492718935046064,2.67489970787519,-0.00867213015970709,-0.924968683982494
"SAM18039827e1b9",0.69991668171555,-0.862461606991067,-1.86083000569998,0.00732149530304374,-1.52697981681746,0.748271130804822,-1.00546906784242,-0.815722445435517,-0.913530902848436,-0.0545546129647227,-0.629025072147466,0.860910625738831,0.808916180340032,-0.0560450736070578
"SAMc692536a795a",-0.0556707252678631,0.397983499267086,-0.0570451949821632,-0.864636322875971,0.367752609504388,-1.46316446026218,0.704056075815317,-0.276593688428685,0.735166701377302,-0.920037515455341,0.792172614147701,-1.65313959689079,0.108453565679889,-0.0254228342330855
"SAM9a2cf3c06fb3",1.84683061139117,0.606539123495286,0.888645246431085,-0.768930398153931,0.673321092593852,0.869745539361553,1.40755656792412,0.674399063913991,0.614814188837452,-0.265438625672415,0.426267219798435,-0.405652321464382,-0.390378101553369,-0.494664460305309
"SAM557dde1b9f3e",0.225652751925235,0.179148257085656,-0.0397866902469802,-0.180257710297423,0.0656644085448689,-1.15597434641907,0.604887025126565,-0.962053085455518,0.887485832449737,-0.362663566416348,0.630870277272345,-1.85522607186218,-0.144088461306383,1.10164056681064
"SAM23aa15d4a0b0",-0.0305932325076594,-0.255765564516342,-0.37020596600431,0.443695559569049,-0.512890933969328,0.244227650101053,-0.106211866494708,-0.589685181028695,-0.106220238468894,0.00623244667666695,-0.0438151419214514,-1.11912251407586,-0.761863081278234,-0.210473808771454
"SAM468a9e1dc821",-0.828267341424867,1.37751497047897,-0.112436803402065,0.0903945379059182,-0.22038732618778,-0.286323722916638,-1.29941014405481,0.532930007079956,0.209588214737754,1.07809014490871,-0.312259470983056,0.57709116200984,-0.757326201146006,1.87174703951589
"SAM81b71522417a",-0.533491266215043,-1.54321879720601,-0.0109956017964865,0.687804196996732,-1.51399525520149,1.34130023923715,-1.80983607101181,0.595399775259644,-1.0682477369124,-1.02506748294511,-1.80331090867164,0.146473317018405,-0.151464907636367,-1.38199844392482
"SAMb963dda93cfd",-1.03674536242231,0.0641178798742339,1.24070985792881,0.152220360232252,0.399465452538921,1.86818899440037,-0.370805903207437,-0.0180052698641108,0.747732507090923,1.36316145953632,-0.385529680354368,0.86244683935843,-0.93829968542842,-1.6792875926383
"SAMbcbc7957c264",-0.796694934643294,-0.435886154577025,-0.819846291897094,0.588499146011332,-1.04439711127152,0.683308235812686,-0.770472075250888,0.395526102039505,-0.743194417603659,-0.175949084447282,-1.27884317947728,0.105408617701669,1.02195812268048,0.109686505319406
"SAM7fb6987514a4",0.957078292581879,0.179757471954315,1.80640625908257,-0.218170559325745,1.54153875991902,0.455462495014666,2.38800730086542,0.423872205993856,0.576023417156431,-0.0176794473034782,0.584798770939568,-0.50642678523731,0.292164908688842,-0.775239826055589
"SAM63405b04ab2d",0.0185747061081839,0.260667067057229,-0.539000336297419,-0.346476554886671,1.08762293516893,-1.06456025598858,1.30091437481047,0.942117341402982,1.29560175982817,-0.736148664332214,0.584153920236448,0.897933276994751,2.1101560744848,0.218286751274616
"SAM18bc1078bc15",-0.505949280772258,-1.56442349116184,-1.61842815186517,-0.926359087214875,-0.287624964804526,-0.828734036201716,-0.406045113876337,-0.847370607009813,-0.669784769612696,-0.12109597279655,-0.488731663103814,0.867974736073368,1.11777692771686,-1.43505198182355
"SAMd1bd63734394",-0.624223399203733,0.587037956201602,0.0742359452184447,1.00384613190354,1.78119298159732,0.942145684845509,-1.27865729963065,0.0323262543085051,-1.49644831022723,1.93624019163972,-1.10469370534023,1.52831938275574,-2.33451773488483,-0.562179244772103
"SAMe9ae8beb82fa",0.71746997373015,-0.137254319649962,-0.854458166339118,-0.232011060483116,1.23048474077334,-1.76581245913581,-0.808735628559175,0.758637462051973,0.576057863570018,1.03973455459648,1.15272598997038,-0.946594309672063,0.557478857378542,1.27372964557313
"SAMba7176afe070",-1.11919255105186,-1.22146672591599,-1.17093537825737,-0.864974871844477,-0.789612667564685,-0.442347060979126,-1.27987180580042,-1.17783354357005,-1.58365525942458,-1.53216380032323,-1.39579577693896,0.526439239302219,1.17184731768528,1.74291676757515
"SAMbe83eae4026e",0.708537673013212,-0.36663982150374,-0.114819901939221,1.45266802181469,-0.489418120416602,0.698195329413362,0.738478474935825,0.933411671710866,-0.11208086725836,0.521945534921423,0.113648335854621,0.893390559546915,-1.419882235988,0.0889418849821953
"SAMe5bc41772bc9",0.417089280622726,2.43441629547536,0.217107960038866,0.552760761661658,-1.03001653660813,0.0421322472109316,-0.873856796295877,0.444069336284238,0.447781024072707,2.55497127711683,0.145902237496995,0.109856647970461,0.0334298642826912,1.30223780903728
"SAM23095936e611",-1.00333695723111,-0.550888526561463,-0.728719615849708,0.952496910291181,-1.66255890860469,1.03490595735326,-0.977011636641672,-0.622264310719077,-0.277599029784225,-0.543594906018135,-1.28466044023013,0.950725642319855,0.966009833916803,-0.338683028474955
"SAM7114d99032ec",-0.564644130385602,-0.154003263946834,-0.765474126576684,-0.408815302691477,-1.09287684906519,-0.815647778944272,-1.02521063705061,-0.0875679221289525,0.65406066992002,-0.326931161419256,-0.195600444425927,-0.632156009403023,0.143413312144986,0.647798807174166
"SAMdb3f50c9129c",7.35229589007166,-0.923867876249229,1.54059515683042,-1.09492594939292,-1.27666014887587,-0.655664167711119,0.59586935530256,-0.558322777772739,-0.32947314995052,-2.42059304937154,-0.407180107213065,-2.99678445699551,-2.49526775526968,-0.69888762437358
"SAMbf1a3ae828e6",0.674435544720846,-0.380011785745125,-0.0733828685401183,-0.717499821009047,-0.0196714409919787,-0.945248152299647,-0.259393334371241,-0.317886906624362,0.785318477192523,-0.301577980875666,0.982703368613401,-1.61459044685052,0.402223482016289,-0.454180050586878
"SAM52e3fa3ad574",0.57879564775146,-1.05846865355282,-0.221437917434446,-1.5323504363914,0.21898074931893,-0.441469527678884,1.69582504509523,-1.63326430186922,-1.49156423801392,-1.27353359089853,2.48107427816795,0.621514456335236,0.76120782523683,0.197520678194423
"SAMd4c0837b0997",0.957317003194658,-0.445931915007468,0.287349685435149,-0.307772267041432,0.401415623500839,2.13775221712705,0.0969389306052609,0.52245244598348,-0.436584141843602,-0.506755847906608,-0.844735934550914,-0.328228979494933,0.0606157519201913,-1.04482289767415
"SAM9cafb905b36a",0.190297213278657,0.210824649870037,1.73733606863684,-0.109090206856965,0.536973688171312,1.62118005224965,0.436667917206451,0.983722016398342,-0.204238870572382,-0.734002641077444,0.432750024593574,0.881035727841947,-2.0282235706427,-2.15785939069128
"SAM032c642382a7",-1.02886559129594,-0.211806929981989,0.183134979877548,-0.338801754585034,1.22484811674709,1.46843001188897,2.02888884360242,0.942433637548553,-0.304176285911412,-0.563843975636932,0.143428306977715,1.29993375535279,0.36129467952237,-2.33244733208112
"SAM0ce9c983b20f",-0.308616165359921,1.24021020109356,1.14615884033667,1.58520717826019,0.152000198576179,0.288956447144522,0.514159810870434,0.752676994710454,1.00287095991277,0.370091562536068,0.759327828714002,-0.876949478408529,0.509702063276283,0.00843843967865261
"SAM2f228939632f",-0.444558493173579,0.909924374907656,0.977447357743046,0.214364917516427,0.522820545956522,-0.480687582966922,0.573500266860175,-0.602955896130023,1.22253415641101,0.107770334428637,1.02721133652434,-0.0494489410361286,-0.464979648519235,-0.713514456428403
"SAM297c0301e861",0.0872479521586848,-0.065766910657455,2.16680775142767,1.15815604319624,1.08031984192092,1.34046400768302,1.56398125354984,1.87877990773072,1.89891673975026,1.05790826824265,0.104811578187658,-0.465873394552081,2.00164185244566,-1.27469487139988
"SAM1fa6bcb7fc48",-0.240130164705841,-0.840135176947414,-1.02859094072857,0.217072486195996,0.557230173353282,0.171162084462617,-0.385229513568097,-0.434400989515911,-0.874868586941492,-0.58010407162723,-0.623127874420071,0.597139558330322,0.700290291275834,0.234348844931998
"SAM6d2ae0c39b96",-0.210559275573052,-0.31077716513108,-0.888163859194764,-0.00549244941592572,-0.357923889557072,-0.499768132992529,-1.2615942598504,-1.57067412455589,-1.42795151751093,-0.17023639815568,-0.329461557724868,0.0870583619491654,-1.11735526442701,1.19443571484247
"SAMeff2ce356ccb",0.0780909249393545,-1.26285548846608,0.0929309832388688,-1.10977803607347,1.02434312420795,1.32905602607644,-1.59320833299281,0.644935148402874,-1.19372390337487,-1.08933020063684,-1.72075897776101,0.436542204585597,0.319141103005899,-0.796286920111042
"SAM110501d0eedb",0.12667452126146,-0.587254695427474,-1.38185275866398,-2.0530942086615,0.309123024674045,-1.05395397170948,-0.191479656507164,-0.633558748445801,-0.705504577257506,-1.33612990023551,-0.412085593707312,-0.278933788890479,-0.416759563663846,0.339706054710634
"SAM2e9ac0b1b250",-0.965336657889272,-0.0405373776887387,0.666819071991211,0.288581999877079,0.870481393728904,0.0412555789191068,-0.0265657406107534,0.41964390817332,-0.478494285327082,0.282989584619439,-1.02260129051164,-0.477539157803847,-1.10821660176793,-2.31144904781949
"SAMc0ef41aa6c8b",-0.527388118946347,-0.99222802335303,-0.707493060085062,-0.915248544914282,-0.653203441381629,-1.75805799415328,-1.38427134411305,-2.16321402424182,-0.677883465327812,-0.780163446920981,0.223783866737635,-1.73340074679741,-1.10825315971128,1.02019086167289
"SAMd636e3461955",1.07641274292249,1.7845713162606,1.36257326158075,0.414570922572206,-0.554656240960821,-1.3886792287198,2.25788522422488,0.71609231751101,1.36799043764133,0.722648811383125,1.60764355656446,-0.972784460290942,1.22205503065762,0.765677835475828
"SAM30b5c6c54cf7",1.36050605752271,-0.00832043851457671,1.55266709472105,-1.37487825054976,0.10732369898174,0.842027162000419,-0.683300699499652,-0.764949496994102,-0.542065560897515,0.627997177305816,-1.20747886357261,-0.0787054823973487,-1.5487260716791,0.73885652456565
"SAMd98bac0a070f",1.59020936122688,2.42388165965266,0.572883633184373,-0.615242936235514,-0.292928714180389,0.0722598480374688,-0.156692545882552,0.192209728934088,-0.223567337370323,0.394806203809937,-0.071654393809603,-1.13006397885423,-0.789027300231631,1.59612808310828
"SAM8e8ef2368dfa",1.39394636333047,0.67238228200811,-0.526747796900307,-0.0235472671705394,-0.737321921740851,-1.51862688046957,-0.55288888345796,-1.18136782469258,1.50755651297336,1.27021216294902,1.41472783383182,-1.84117839552348,1.66477116998378,2.39326275280368
"SAMb4c7a001537d",0.315035288435019,-0.192198985691659,-2.08631840123879,-0.31298268631302,-0.718896297357052,-0.0874010670528101,-0.0936188778033543,-0.483068014245083,-1.34805153307095,-1.64043810866893,-0.89793130900942,0.481945273872766,-0.584049946510834,0.254724698730916
"SAMfd947610629d",0.37202297299712,0.597505494901235,-1.18802647349379,1.02803021564846,-0.741154931139091,-1.69256340297441,-0.223286961675218,-0.248404445530278,1.31434204526029,-0.0545123955967843,0.668316610567249,-1.59664768767099,-0.346818350575861,1.47383660909067
"SAM943df5cf15df",0.869520326746888,1.4114343299009,0.80471242695719,0.0901323174527284,1.23242514542111,-0.0663337959713005,-0.371693299745686,2.0770548203773,0.837866941929295,1.8823855856707,0.094466242929203,0.0903117578003668,-1.10953160498736,0.716982157711701
"SAM39eb94fa504d",0.201327271246913,-0.0295189118091951,1.27881437778915,0.575794841995566,-0.45376731837609,0.0665222803412671,-0.633437987084677,-0.0638367730044064,0.185294192764236,0.57186635471999,-0.111000733931899,-0.369342737582756,-1.34915309447879,0.365063928698881
"SAM62fb1388c871",0.0497148873925159,-0.0804358660019256,0.130059085227794,-1.91117348099932,-1.06222688611732,1.91563036173525,-0.00409834479495565,1.25793145267131,-0.127140313799114,0.485801067187593,-0.137179302755604,0.671390713153982,0.941677005193053,-1.56508870082026
"SAMc0da5d48686d",-1.52074928659973,-0.146056360103697,0.541903518022637,0.0833481790093432,-0.756400852811601,0.54019356360879,-0.0106571765781277,1.65828533627587,-0.0210621123219389,-1.31237744918317,-1.41858235538328,1.29891872971271,-0.111906195350726,-0.81465752200621
"SAM2dc3f04e45e9",-0.236542431464359,-1.09056805390432,0.96296712497369,-1.20934002653396,2.03405384925321,-0.732590019855516,0.895361014028037,-0.531873921509709,-0.127237532998531,0.125742280475092,-0.243557859328359,-0.406531163962564,-1.3261158623822,-1.91895901642785
"SAM4501e41e4751",0.910705497789645,0.193525977157478,1.4624543678266,1.2562757173253,-0.202291356117076,-0.160616951247068,-0.218217907707858,-0.195771849353081,0.844014763342815,0.812197986063219,0.60522378430683,-1.22766791440474,-0.961029948348179,0.335202207316783
"SAM5b57e47fdcb3",-0.251707423826425,-1.35431077786766,-0.420645503706831,-1.84143671302852,-0.242846125179193,0.967113024677063,-0.594231863185555,-0.25112886996609,-0.906906598965347,-0.717535076067533,-0.323606232507772,0.532654522649931,1.66854908088804,-0.81881761157364
"SAMae4da274eded",-0.235044608388978,0.232740587684253,-0.465996403085554,-0.612401010052919,0.614607161073283,-0.691539228839729,-0.769586398743196,-0.576478328060419,-0.659286683682771,0.609605655106096,0.545691589072064,0.521020529618057,-0.475175721433912,-0.251610804962191
"SAMd35318127278",-0.250631072337773,-0.579099276365929,0.0293351557183818,-2.1124528317475,-0.0289414792439014,1.57656658240192,0.447542868607016,0.459134134711071,-1.83799951598736,-1.91718532914318,-0.380455511878885,1.02040108271294,0.766526189639694,-0.300328425657465
"SAM75142fcab9df",0.96969566781236,-0.443469752675975,-0.381353800162466,-0.83152154166838,-0.011264660130359,-1.27506493710734,0.130035849487217,-0.199000649497765,-0.0458436351792462,0.520437340535476,1.04782022514227,-1.6270464600104,0.475797586645777,0.585650005606798
"SAM166a419a4e5a",1.1173030144951,0.838862459345401,0.991386736078141,0.11407803159255,-0.39312237673744,-1.29702276677664,1.14186579192041,0.809664087362666,1.18872212748563,0.526553631073681,0.679718670921338,-1.5458530261092,0.321195341735228,1.12886162244387
"SAM025b45c27e05",0.969584853382208,0.222922480893405,0.419645119088603,0.489013779143287,-0.751515634415139,-0.425260676213394,-0.6512307829267,-0.0586184457792545,1.76706239521285,1.02775656607168,-0.122920040172477,-0.66401877872759,0.604345367868231,0.605030594800661
"SAMe07c4560772d",-1.33171180758911,-0.920577938000824,0.0259447828731093,-0.398135430393201,-2.00843988539759,1.65474908901619,-1.44796583888542,0.338818685588678,-1.44889818155604,-1.56319166144859,-2.15473144993671,1.2536848404465,-0.243953724793599,-0.827290341169007
"SAM560f23d6a3ad",0.18861872871532,0.486947604656112,1.06377381619543,-0.159357028720804,1.09900154215844,-0.145731076915425,1.8979096001069,0.76215656557942,-1.34639877670931,0.49393271851434,1.41293190222709,0.807935737828537,-0.818925220429963,-1.09255431227776
"SAMf3a9bce50099",0.0242765365554064,0.865787094872188,-1.02746897715962,-0.455045353080677,-0.0957640898106129,-1.21235601157766,0.659896770097635,-0.288753724781494,0.920963357216404,-0.7176254675908,0.271409249587208,-0.49743537113686,-0.117442596680864,0.351339659827932
"SAMdab9ca8fb5de",0.94370768931224,-0.194704774248734,-0.290590817460542,-0.0264008970789144,-0.643608435731631,-0.948742590834057,0.0156377478686252,-0.740748715358033,0.397060073854191,-0.102182262667668,0.494020847572355,-1.80069213383715,0.780997363608813,0.510499149786651
"SAM34430ef08e5b",1.11749576303549,-0.0983282974007137,1.03259777115414,-0.691848406278351,-0.135709555909506,1.29089273974692,1.59053318584222,0.946412118721653,0.175590216194499,0.0678202368984002,1.17538742129745,-0.682979800993072,1.38023162105025,-0.492264112064404
"SAM4b0175e8db6e",0.234065669052732,-0.820510789465343,-0.508681360633409,-0.245905846451948,0.146110091485618,-0.665238606581984,-0.31020301396901,-1.16933727913876,0.458264415898274,0.599117334045039,1.26733299194929,-1.14507351557643,-0.188400577277473,0.617442972527057
"SAM54e58f1b0230",-1.44504117563862,-0.689216837161624,-0.326692731904908,0.87952741361965,-2.00653043603643,0.77660435619999,-0.555652418358221,0.0489873143042948,-1.31645991548011,-1.89285590868191,-1.7892587852449,0.87686336864505,-1.23892410401364,-0.829891830596956
"SAM5e3bae090b8c",0.775576247964784,-0.589075384214322,-1.6219721332351,1.23067330478951,2.2084364785406,-0.0516448150455166,0.00920694312047336,0.425138617512529,-0.407024935618254,0.637142314658684,-0.07561062615681,0.472180603600181,-0.0724883286305809,-0.00875902339915302
"SAM3cb94b0d5297",1.02400381782197,-0.000212755815464364,-0.663810069041994,-0.937568235927297,0.510630091477944,-1.34249283755839,0.166704799654873,-0.79733280911167,-0.313634745998151,-0.019632568665577,1.17739405766172,0.0183198313445198,-0.713249302049837,1.5293460940132
"SAMcb132b0cdd2c",0.294146656740552,-0.906141100523,-0.0716379014572122,0.0699803795420201,-0.0147309653468325,0.163389909587684,1.46308766730666,-0.815380578124922,-0.187632486524094,-1.16279691447718,0.648831987408428,-0.282337115160934,-1.03976990611922,-1.55204167785945
"SAMe97af0feefdf",-0.882637348284955,1.05167128523425,-0.927561153261285,-0.0140424474874896,-0.594871742923454,0.726836113501578,-0.634571665934249,-0.761286004706125,-0.166514633290465,0.387386079993412,-0.450878246208827,0.771681459428765,1.28974541347997,0.365241910715268
"SAMee3844cc0b9f",-0.43922651740132,0.439090882777506,0.395041274313847,0.389106696114747,1.65903839101463,-1.54501223646293,0.827281712907547,-0.0864281107384155,1.7206984030012,0.287102862316245,1.22557845091615,-0.435819802737854,1.01071405141003,0.72708973506937
"SAMdad5c29dc105",-0.48193144681301,-1.15513995015708,-0.208123155874526,-0.785939773691463,-0.395490849056884,0.801058687751399,-0.871901544363173,0.100550620811696,-0.0487008092701551,-1.06657424570462,-0.930587171349197,0.914620612361072,0.49494146409441,-1.09996732211235
"SAMa424c75831b4",0.690797409586425,-0.745371791385696,0.403285436237474,-0.829978198135384,0.509658553899736,-0.0786803194026984,-0.861303236240201,0.183821053064156,-0.357689989745007,-0.055241520271411,-0.611605010951836,0.334487897007896,-0.844569846016667,-0.798240525477563
"SAM45c8e6412c66",-0.70429313499144,0.739834560150171,1.51031663672439,-0.0101696265394232,1.51578198332479,1.76237070092035,0.364583417795184,-0.368653182575713,0.220132660490592,1.63492851999975,-0.608418811864217,1.37074402536519,-0.437240582852876,-1.29136290497757
"SAM73663ee4a96e",-0.757535755904961,-0.136688173300973,-1.16849809258414,-0.261103322635504,1.92043933425614,-0.90354292523163,0.662326121762413,-0.664303069924621,0.417604975767609,-1.08695535761717,0.144736713386095,0.0260623884429516,1.04662625396749,0.376762397919227
"SAM0bdb3428bd13",0.899145736736112,1.2408450490388,-1.32249183375866,-0.0678675763313138,-0.608193793281798,-1.31091459196163,-0.69562195571029,-0.927995553578178,2.03042294303469,0.419051017402694,0.417673051902874,0.543901901863377,-0.11286731278276,0.943793135362609
"SAM3330c03fdf00",0.41657691895977,-0.963391775365405,0.834402290598896,-1.44751764448286,1.12316237708164,-0.808843430855441,1.51691170261287,-0.790790740303549,-1.05488525450455,-1.06944064378041,2.02739725380348,-0.630848665066821,1.14252348033845,-0.728599678463898
"SAM0a7c2091dd56",0.0989829323311177,2.2318142292018,1.29674580625765,1.62330177342313,-0.0561561323270156,1.14967264800335,0.147958343705572,1.25991536190059,1.29776700857191,1.48761393518236,-0.706313866801206,0.846383592507291,-0.570486016575809,0.122316420487652
"SAM5d1dfd5207f5",-1.68916580482175,-1.02603200018997,-0.764010743305087,0.385563099127584,-0.907149381811661,-0.163952931589558,-2.12141765027384,-0.267213761016179,-1.05603020004282,-0.988336594879797,-1.72560243108526,-0.194120216253315,0.00354019373308574,0.614361243476151
"SAM99a46b9eec27",0.566320624805728,-0.313338087473112,0.0532664985141579,0.031961923828447,1.16547238211439,-0.849790757166477,0.14959815352094,-0.831992441384697,0.743881112617213,0.920575864738103,1.35652830613646,-0.712080326916155,2.12454033663024,0.410233775344369
"SAM1ac4e3dee297",0.0392106775834997,0.694176201150606,-0.855170583147578,0.0981931323382954,-1.1504587086076,-0.229985875415711,-1.13926346107616,0.218806124985789,-1.12884213669066,-1.00147612375751,-2.25094692671903,0.403149088947924,-0.0223950830267999,0.971408061764607
"SAM553c3c35b847",0.164516976305,1.28212678354005,0.477455033830947,0.580772519052597,1.70924016395782,0.0896583984348514,2.11782848907417,0.172278193542188,0.803798199996437,1.6187565956551,2.2724129881713,0.215392354389406,0.697460943562342,0.320887233023189
"SAMc2a1820d4e6b",1.19066094800223,0.440980406131483,0.317950788239882,-0.785597644500427,0.979117596015877,-0.980452782089433,0.909018550313029,-1.23153465650692,0.17266246178194,-0.468195588574249,1.66124540845856,-1.5080014267019,0.499411871358128,0.768478121207916
"SAMabc151b01ea3",1.75432894057289,0.738127834866301,0.59314140027904,0.409348589141769,-0.775937113912008,-0.699395004208799,-1.08390001122126,-1.59868105490636,-0.422358976934355,1.52372926527421,-0.454846781066747,-1.42710565597425,-2.23669893634514,-0.0976448930449078
"SAMe1eb5d988760",0.349967766714854,-0.313346144236844,0.292428328509632,-1.13603688963588,1.35119084714383,-0.160434805784805,0.435942847067273,0.232421868345425,0.475389156469544,-0.0927013595781765,1.24525221011109,-0.780958056555873,1.77946897352448,-0.88786500982778
"SAMe3210d3632b4",0.111515600993192,1.54406487951645,1.77010628682323,1.80656956443268,1.41410351094892,1.0735824419896,0.237842347371034,1.26416711715118,1.55060037357049,2.52291390572793,0.414688383059927,0.13622535623301,0.506551357387014,-0.175651120377859
"SAMb15ad09d6e24",0.393181074373867,1.01338062657769,0.923111130665062,-0.612039047856633,0.930850674968006,-0.31655766209141,2.09279448176794,1.00731226846341,0.327341511381314,0.263758621487424,1.22968187348298,0.519135861689883,0.710416700917824,-0.439893620909176
"SAM7893196e0e89",0.085489760617961,-0.409912612303865,1.13420720445551,-1.49420737794071,0.252889113758989,1.26615056242035,-0.909013404571808,1.05169001518134,-0.558567308163846,-0.39589663951391,-0.686754472106525,0.197032482574108,0.26542946304433,-0.461127451586009
"SAM961d04c42bd9",0.159258808094119,-0.0575889596185127,-0.13744244339753,-0.455829178590186,-0.366329332755867,0.0320424515750168,0.4051107059706,-0.547840540834159,-0.14149129450323,0.320144690795204,-0.171225270166748,-0.644047837068806,-0.560260553643935,0.0910350388016034
"SAMb0d11db9aa79",0.132560331673881,-0.562489375295477,-0.896483359468908,-1.12095849090031,1.57182528080858,-0.166178313628033,0.972381341363573,0.0248474571229675,-0.91753147179672,-0.806255300202705,0.399488958990725,-0.478103810475039,0.355860673795317,0.336294209391989
"SAM19fec8f3b3bd",0.508485385065729,0.891859743158514,2.38684516177997,1.64652866868733,-0.679605723803465,0.227253936518353,-0.509387420179679,-0.493147479416118,0.933621278940015,0.443613820340776,0.382478191018139,0.109425702496785,-0.412677210780964,-0.644278463561564
"SAMa90d73f8d891",-0.817379847406334,0.193561485650651,1.34670011399719,0.407772831900618,-1.67270060732359,-0.375731337472482,-1.0084769398707,0.700009921087995,0.219638933200378,-0.535714495196653,-1.18954158879556,-0.0158263036984229,-2.86776548029026,0.848732795587852
"SAM415f36ad349e",0.777374384429664,0.830506893802876,0.849458120940729,-0.627453874356217,-0.310149437071844,1.35382248689493,0.603819689043522,0.0671496403269239,0.668181735234331,2.92702017641322,0.705423604392596,0.846413700681148,1.8424370390956,-0.943579097797808
"SAMad83c9c53537",-0.421017084650428,0.77484652767728,-1.22861882043126,-0.476897072282886,1.00269166372979,0.493332420287883,-0.384048054065401,-0.568070643532517,0.724484233903009,0.374838610740468,0.280857323678237,0.338849535758565,1.80755948434215,1.22758604405754
"SAM3ee5dcd894f0",-1.01026975633353,1.83076126579036,-1.27655432205771,0.194806603732132,0.390045236501513,-0.645531675480464,0.213218178127181,1.02456295363949,-0.16199312477778,0.433665927193619,0.183251074066493,1.36302599136393,-0.839352970390651,0.984593508199456
"SAM8a1b0e02ee42",-0.597731545111097,-2.85637217965652,-0.983505189913145,-1.41894508483758,-0.562404289766671,-0.0820917122569404,-1.93124938361928,-0.799590657770983,-1.01510542468342,-0.627432264660896,-2.61559038253711,0.553658373847916,-0.575169466138334,-2.36209244654477
"SAMd7d57ee3a863",-0.950472739893974,-0.332045231337042,0.376023212136909,-0.122816562042144,2.24471536236983,-0.184975811478906,0.753748928898182,0.202335477729377,1.18732569609795,0.617347524671208,-0.365489377312751,0.516631631508685,0.719604854634841,-2.15929004016864
"SAMeb29625f76a5",-0.822312947354066,-0.609785232443993,-0.503115688917086,1.98045277241635,-0.57689262911146,0.0685444912158092,-0.651562967785871,-0.715335118182707,-0.267465740714082,-0.342490348133237,-0.494401384717426,-0.0847328076490256,-0.172348883438696,0.0601637632264289
"SAM563d6233dfa2",-2.77633083714904,0.447856898842884,-1.16319117277753,0.809659357929857,-1.36012655901454,1.684993603791,-0.751371339463708,-2.02207525451642,0.287257004756011,0.558272692587145,-0.878598327956162,0.841856338085723,-1.82398363901565,0.402215803374724
"SAMa1871f491b02",-0.0220644180473182,-0.770963980965014,-2.09835082801098,1.56933421501012,0.615732578269084,-0.632453164401105,-0.614151311722041,0.332280509702908,-2.20329289925885,0.35723770157286,-0.778606909226397,-0.11817464296336,-0.269563772884157,0.943199372095978
"SAMd135d5867fe3",-0.199875925213895,0.307943174070957,2.3282208901171,-1.05356360346473,0.231107295501932,2.40302620906153,1.47994835736639,2.96023101829063,0.470939796534609,-0.445682440672056,-0.402225179968195,1.93118610156907,-0.60650647683243,-2.63295601359763
"SAM065890737112",-0.818459492907952,-1.79767110657281,-0.692959959463104,-2.15317904669381,1.52267624269172,-0.317406961716613,-1.13920384358777,0.123197820796163,-1.99959552073954,-0.167973107192619,-0.789709803158937,1.45263932011732,-1.16332973050098,-0.579005684987692
"SAMb470eb8f04be",-0.0275755355081924,-0.738794120425995,1.44664186078307,-0.874093103831132,0.217710078277269,0.539249515892634,-0.912650510403318,0.838550080078382,-0.530447294190579,0.165943858574652,-0.34692858644173,-0.165684632277712,0.65944824996473,-0.195568327582103
"SAM675a12a09c15",-0.0881791086914404,-0.016492638291013,-0.109521044608161,-0.159049551162079,-1.42313192602795,-1.32946548447956,-0.636419076795032,-2.01320386076079,0.597318342149703,-0.277741244767157,0.466047166006149,-2.01890930874779,0.0800511264713909,1.14196186684992
"SAM1e9c4d1d39ae",-0.742521486834687,-0.702086904681203,-0.641025460853555,-0.851319043922216,0.976428313501565,0.375336677292442,-0.526860168410593,-0.299634922148772,-0.711962061595651,1.32858989266582,-0.327516146392099,0.386216386457023,0.136128726780703,-0.958416583734104
"SAM4b7ea015fd9e",-0.997952588556666,-2.10896790994489,-0.647560304439666,0.359131106575934,-0.683946717315649,0.272951202939478,-0.408343384193927,-0.979322898391792,-1.5742760423577,-1.91546849404073,-0.321352256245373,1.66287532312835,1.50068107544631,0.403104486811152
"SAM9306c5c92444",0.0873704356004043,-1.5383687548676,-1.26630103528944,-0.690373847742222,0.734548468852382,-0.193536434354582,-0.461198487526896,-0.122137943270596,-1.43017639157709,0.377582290480066,-1.11473584368315,1.01162590796783,-0.959278653427245,-1.33137843365969
"SAMd86389d0d768",-0.199098294874827,-1.26308349021172,-1.83442357958857,0.524603419674799,-1.37421612913718,-2.06614270305943,-1.12125773505243,-1.08292594463606,-1.31633980210689,-1.00025926869974,-0.381944184372341,0.344870540550708,0.176840327930531,2.00964593013384
"SAM63b2189c36d7",-0.00890972619835857,-1.04494670371185,-0.963271110923879,-0.516787575097177,-1.02948212604335,-0.0291210144352057,-0.87982108954533,-0.658653465643497,-1.52706726489614,-1.17211668669172,-0.267825967282884,0.097242636354222,-0.503444631739168,0.37763098648434
"SAM18be5b395318",0.221741078987689,-2.69541458231322,-0.771134504615447,-0.307488754785297,0.835705953721856,0.344627529993469,-0.129269915750648,1.0816057355892,-1.27205181249525,0.0132445267216979,-1.23332484912939,0.982971401475188,-0.354207073816217,-1.55681057759115
"SAM0d855cff64e6",-0.886127834918228,-0.908950767825544,0.82311045006327,-0.0832205952127332,0.0909208668095633,1.80727035047336,-0.195917091952604,0.71825849756748,-1.44045410699264,0.573970671500196,-2.35662965317706,0.558057594243163,-0.163329746066243,-0.208766318696164
"SAM6cbc10abddb0",1.20039089526605,-0.702387083878623,1.33815431922918,-0.68068966624034,0.528645731112096,1.70626019886434,0.691443901757731,1.89217675552501,-0.479823466573154,-0.374429415332153,-0.454430772531109,1.55124662153354,0.638757201481413,-0.161842549970726
"SAMdee1011782cd",0.834809047077766,0.00407323102925641,0.074497221280478,-0.743021557528786,0.947842759625735,-2.43748018317075,0.497741817895838,-1.02352954448435,1.00337533134012,-0.595074404404823,1.42908544144012,-1.11436996712079,-0.313554181680442,1.1920055060698
"SAM203dcf14f927",-0.0330206290701387,-1.29320412874533,-0.989705268230526,-1.28100743386812,1.35366494663737,-0.660487954600137,0.0597909449439332,-0.249082140810921,-0.601648687656707,0.291393181873513,0.359886808284785,0.910887118907823,0.651230686831311,-1.59364420959009
"SAMe41b1e773582",-0.867604843139873,1.09499588884722,-0.0341487037437586,-1.15853374331984,2.23315874269337,1.11625525099865,-0.60958917578178,0.977831843860011,-0.490047207970503,-0.104272516032273,-1.25620956303843,-0.100157726676374,-0.398401767967953,-0.503530446188844
"SAM978a587b207e",0.042316884798795,0.155794421006918,-0.157298212914881,-0.743397428000132,0.580980954486937,-0.207308021272476,-0.813175769052038,-0.927760718060291,0.767185551816112,0.661867469389206,0.199588460274105,-0.0188739625559736,-0.750799384291409,-1.05981368400075
"SAM5234688806a7",-1.60657944794923,-0.564846518829015,-0.530853593263948,0.0587635774503803,-0.813178883778365,0.673951593654831,-1.45755149329942,-0.74800692940374,-1.1902455290079,-0.65172405631252,-1.71046542713815,1.23412824955372,-0.46146576178795,1.13968003884946
"SAM2c9586161ce6",-0.816284489651283,-2.08063103532584,-1.38303657477483,0.679427877351713,-1.56467103423677,0.614173143761332,-1.18919952496926,1.0586786116005,-1.60358301386726,-0.884283775711154,-1.4345997865268,1.33363079828394,0.235851684200901,0.188382744259497
"SAM76a431ba6ce1",1.68572133605178,0.739981369172844,-0.106628212360148,1.59906151078226,0.247666184577602,-0.739446386631708,0.573805967616656,-0.268797729607366,0.609469228526803,1.50424228822185,1.00818609297801,-1.03492967787691,-0.889094332725586,1.19576877063735
"SAMd3bd67996035",0.539432279456151,-1.16084306016433,0.210252446409338,-1.50519082552511,0.0248958017038997,0.199253969321708,1.58937790291592,0.58310172458676,-0.179733876623017,-0.892415560928931,0.938465748450053,0.341227064849653,0.721293386120416,-0.963603792700346
"SAMd3601288319e",0.790881520497516,-1.43964213963969,-0.314622171086887,-0.561143004342524,0.368174993040258,-0.318594149573625,1.10442529871389,-0.34842825941623,-0.127420156076321,-1.16137828225371,0.619336253701189,-0.282106704909595,-0.574935810184058,-1.67727534124183
"SAMba1a34b5a060",0.523901758122588,0.430709499102992,0.665146297767134,0.446711005707693,0.0850817783702871,0.355400358400013,-0.410600928349113,-0.0623707562347342,0.421114782474356,1.59032437004157,-0.57670740461995,-0.206449028067843,0.374018504457399,-0.749815277411923
"SAM18a4dabbc557",-0.493878129820518,-1.28061166354578,-0.484988707469872,-0.321645273327189,0.378920961067798,-0.12516428740316,1.13881178267495,-0.6483018215236,-1.18135746552063,-1.80299977748923,-0.516769221504225,2.53063821382921,-1.79794333098939,-1.56252503868202
"SAMfed609955db9",0.591574973436085,-0.0058026534106441,0.21668512211524,0.572486026625262,-1.05213145577238,1.14659494943478,-0.980426175405243,2.22463619339227,0.219607543762542,1.04400131824286,-0.751016943256614,0.751006656248635,0.676060247251986,0.33127661433619
"SAMf2aae1443f67",-0.934141466393209,0.127673526494044,-0.704730839617355,0.899755301468255,-0.697639918241902,0.590861767043303,-0.30373485360695,-0.636303832099571,-0.779793683932883,0.453397001695725,-1.68812964800237,1.36354300560876,0.716522853838561,0.897730351764142
"SAM2bba8cb35e48",0.678411699559929,-0.0251761465943531,-0.173647641636679,-0.0129834527209179,-1.0782494015626,-0.608001884964066,0.639610898251392,0.552052939927447,1.23800344900306,-1.20882529080618,0.57991368366122,-1.11615499701092,1.7731512852908,0.542759471042134
"SAM5c139c5c1c4f",0.10542629795358,-0.64640027057113,0.744529397429851,-1.07023564804208,-0.0491389814103761,0.78846561136281,-0.973381996288553,1.4280908822543,-0.853727518075245,1.04036887379759,-0.448707731162281,-0.0525988613071767,0.187476498655267,0.320862765267016
"SAM6780ed436b55",-0.851583420047839,-0.098298934764181,1.33488858224832,0.636139321625876,0.866558829044416,0.497997749811341,0.453523885039329,0.52798392284097,0.393985773790695,-0.352427828541318,-0.97037186727456,-1.09645806065013,-1.93670132898803,-1.84539507435602
"SAM85f0a3ac1c45",-0.0826953593830383,0.0431820650213679,-1.12797118789635,1.20718296890171,-1.99841675833386,0.552591067535324,-0.63345086205202,-0.817583142263433,-0.560076324884364,-0.624789981354445,-0.968841388171754,0.825028825834533,1.01758426150513,0.538996084025425
"SAM9d2494119c05",0.94730565929612,-0.530476139931136,0.725162377476228,0.314497592298164,-1.48106266844971,-0.0350523908587999,-1.38760141840036,-0.475841857500471,-0.977712282706613,0.123455720728489,-0.614053713173177,-0.770349768358897,-0.792162391985516,-0.275759970897298
"SAM5d989c86255e",0.854589326201404,-0.950556629809141,0.864005005261125,-1.0110632665017,-0.214234715107963,0.337867496958084,-0.388751671475398,0.756299660671528,0.436123992502445,0.0473857512603583,-0.209156589303668,0.776775689180576,1.60042844465346,-0.365920568193464
"SAM49d48750e294",-0.294859831240891,0.417094010211342,-0.0682761083157255,2.18138729699357,-1.45400475953091,-1.11405492666373,0.391847175591492,0.518454658240146,1.65777770012937,0.205550786018818,0.428123430629702,-0.774581777055564,0.247269780378958,1.32242114177954
"SAM7aa01fc49a80",2.13312978463487,1.44726487122563,1.0511710232184,0.536475638182472,-0.662518514353272,0.623990406859115,2.28941541869773,0.84942210681658,0.40678647888022,-0.336416588178956,1.53866786731985,-0.38150203429738,0.692291915678167,1.26322373263707
"SAMa321770ac31c",1.01382689185512,-0.109512604874021,-0.43069793380916,0.173927071674426,0.290706011400718,-0.401718826768966,-0.856105083928216,1.36171059169676,-0.781683491116855,0.682405471331358,-0.325238383175341,0.934284444116745,-1.32313351480397,-1.36442562415815
"SAM3894ac3956a5",0.253468571363435,-0.144353996872306,-0.996446650296763,-0.0716547541015797,-0.614699643743814,-0.714253843045684,-0.248358868758252,-0.0622141003912561,0.181746552310433,-0.0797319379826094,0.308874079628876,-0.678977013354939,1.11331270295848,0.803896629879389
"SAM1c0ecfb3eb63",-0.413599101363335,1.72414664440553,1.1306056507468,-0.12699000101174,1.76654303569859,-0.184722078521818,1.06150308885736,1.72684754318153,1.12702078289331,1.23842919547485,1.27744978328873,-0.700138686203646,0.0427124355067986,-0.112998536703465
"SAMbcb07ba81cee",0.601101067803955,-1.51544327471333,0.0367757287707478,-1.78163495973058,1.15030219155408,1.56514239096823,0.0479280642457319,1.56243556499683,-0.174472534809546,0.820372203844032,-0.658329469327449,-0.0133660949746314,0.684897744151951,-0.704089485929147
"SAM9aa6a095a9d6",0.415033267018701,-0.309175398045294,-0.0963863383764348,-0.164254528126303,-0.0415031886144517,-0.617280542126943,-0.400138459339487,0.203587614431528,0.199494645823755,0.656106702000974,0.858014321741893,-0.84572292928974,-0.191285851144772,0.697354253042579
"SAM957378bd907f",0.383566834376842,-0.785546929222036,0.162749958063659,-1.32327015862408,0.126397953519719,-0.047893556314252,2.32829982221151,-0.709743949613881,-1.39213109056345,-0.476546679671138,2.14045621914611,0.205370579257678,1.21639972061922,-0.0475421698395927
"SAMf82bbdc267c8",-0.496490960811153,-0.379961700026532,0.302982394821189,0.482137654400187,-2.2912432831673,0.380592635734603,-0.876127777703592,-0.859056991367988,-0.487952985312124,-2.15142906988361,-1.83816591630411,-0.427716666183182,0.927000191020011,-0.0641977428731943
"SAM2624229effe8",0.313888694055034,0.76511106580934,0.451053595228941,0.140492666107364,-0.795711540560619,-1.8160655597473,0.871688705855445,-0.536516804651456,1.50823113520317,-0.982617359948244,1.44128106972859,-2.39678031669337,0.492075899673338,1.62327584326636
"SAMd2492b2a31bb",-0.433908229628536,1.29030474950054,1.84068118098129,1.99118087441196,0.648500266539835,0.0758038555557616,0.777979894301569,1.94584068304943,2.31762322579656,1.59252659784866,-0.0494809320543474,0.83670422414766,0.98571485673699,-0.426285078220542
"SAM670649e105b5",-0.144123982118251,0.529828908189031,0.209425733834498,1.45390027794775,-0.465824321308546,0.361267189154866,-0.148897503741332,1.18166202308162,1.17281323009275,0.923956510623268,0.213572308820349,0.353662870074635,0.960067074680243,0.258010543286279
"SAM5fe7a81a39dd",0.744469031915837,-1.05651416528847,-0.00665018799709504,-0.365681748614447,0.190130972275745,0.467122983425209,0.846526489396981,0.549665966116074,-0.423533082632459,-0.772049140818532,0.521589747564091,-0.539669847655705,-0.129123297385882,-0.626320531071401
"SAM29da928587ad",-0.654688434646475,1.49122777874993,0.31311021218415,1.76115359250742,-0.761083544891677,0.690826240626641,0.621249268901808,-0.796247374164948,0.42914477417618,0.196768870274123,0.586025076514703,-0.57942630800227,-0.940055992919232,0.927855940194061
"SAM0a0f2bac4b20",0.710519423293092,-0.21225313890973,0.771437851708468,1.78945223793547,-0.0633573002114125,1.24753227854556,-0.191911073389749,1.58410291744593,0.598925046676122,2.18338540399343,-0.292977429494995,0.841400857971192,-0.485183626341139,-0.325553847504255
"SAM8e469834acc1",-0.630857676884219,-0.356626177278794,-0.661504401434077,0.433485341372025,-0.521557112849433,-1.82606191566916,-0.429693769760701,-0.553119172106049,0.675512829799701,-0.169829117760674,0.400110710765509,-1.12462655232385,0.507262090235137,1.11913477029174
"SAM181b638b8248",1.22077201115406,0.563264885266731,1.16864386505951,1.25468365769889,-0.107706007735459,-0.128640752248487,1.07364069836246,0.590862005983857,1.1458654700388,1.55535678373467,1.30064119771121,-0.652700316363672,0.782051829357003,0.746521846158286
"SAM3b15b4c6311d",-0.309234335609319,1.25246237572949,1.31630156204753,1.15967143397661,1.78096818296018,1.57364491437743,0.187707281505937,1.59766784076756,0.384591783801221,1.43570787896581,-0.0919267603098971,0.875557811876798,1.07380024596273,0.119038276169324
"SAM1c8b086175ca",0.152695639341836,0.715251569718659,0.0760309896443786,0.97759440456456,-0.537460978636727,-0.902883353080362,0.241953875274109,0.363086854413061,2.10317103062353,0.271978169594918,0.695959791924989,-0.445227700594977,-0.178143356591174,0.784931063948207
"SAMeaa477a5384b",-0.0695478439486394,-1.05042232133395,-1.01738235121399,-1.88756614059369,1.53097145000882,-0.0208948395766518,-0.218912708454639,0.264332777932148,-1.50271806724107,-0.367743982525296,-0.106169728475472,0.860040743390261,0.56645464648319,-0.184945419419032
"SAM1dda30f1c5be",0.0536183963354038,0.373759687394876,-0.120493091745838,0.358902797118181,0.245863196531088,0.0298483669956397,0.700669791370131,1.02463618358481,1.68124764654407,0.368515384582703,0.236737829701606,-0.111044428280207,0.459989901427681,0.240821896571459
"SAM9daccafc18db",-0.649320524050836,-0.285295955358578,0.58849648366736,1.11653276152998,-0.0125030905208195,1.2519039583969,-0.117002721558287,0.836688765284413,1.26842483908082,-0.527687051711038,-0.802055980646621,0.997105943177068,0.80559866458891,-0.621552455076035
"SAM25510f300d79",-0.298472212175153,-0.751038887644572,0.526245669798471,0.656850996344559,-0.722135163344686,-0.558862617009304,-1.04511761113805,1.25547602731662,-0.226413204072746,1.72115412280877,-1.52017261055483,1.87343864056758,-0.731643873260616,-0.437650447983336
"SAM187e056d6a2a",-0.0860633139105305,1.76316759887348,-1.12486420757781,2.83522223228136,-1.32926588797824,-0.544186086045577,-0.58968313250591,-0.714763798382454,0.770513800728452,0.381071932636863,-0.0693691418460423,0.690651227184416,-0.653695278291095,1.42439650806111
"SAMbc8dc3a7b54e",-0.724315641389764,-1.31185109612712,-1.39136270812947,-0.832192671023356,-1.10918547536029,0.189643330822874,-2.26432092347101,-1.77681608691227,-1.40901212899362,-0.716922917215835,-0.845461173428959,0.521543856008101,-2.06161991079537,-1.7561317694092
"SAMae02629a97f7",-2.19366791277382,0.271552429932,-0.513968825097659,0.679077138170626,-0.724048046315896,-0.187734048868463,-1.26865164240837,-0.303341044969917,-0.861455791666877,-1.3954305064635,-0.973086424275535,0.21098560040957,-1.39965165919311,0.654388124989623
"SAM7829a341b9f3",0.634736911792315,0.696471011054808,0.45913764030827,-0.929823647622094,1.52829933115371,0.0362464974324822,-0.0867052585444507,-1.56321648437559,-0.466431534891883,-0.176885429286384,0.459230513732859,-0.705225165790055,-0.616326144995319,0.0298798930054664
"SAM0f956e757453",1.28093922399635,0.989407277404976,-1.49457921277861,-0.262546894174403,-0.719473116707072,-1.8563386434988,0.285178029917509,-1.70326365600193,1.32616971932784,-0.401515005183643,1.13582957634197,-1.73271000456043,-1.56522475273603,0.529191295828573
"SAM09c84ec0cf34",-0.492784788752151,0.384673282146225,-1.51717193956247,2.61447707855034,-1.04452521399273,-1.99970472626022,-0.787103402033069,0.556817375671817,0.822237233250894,0.578925382205851,-0.336707368617949,0.95800638061354,-0.302588524930621,1.88874959589518
"SAMb2e4a082541a",-0.66004774379311,-0.212943445514665,1.26364684767849,-1.18903776253059,0.551666637870673,-0.258744655335044,3.03572755021895,-1.86522040068929,-0.680497465667235,-1.74276629630871,2.558436101474,-0.323662695868002,0.526311985030074,0.293338312823352
"SAM771445e92421",0.677440479507794,-0.365603071134473,-0.118161021962531,-0.442883371468048,0.674258763644336,-0.994378285102568,1.12186474624684,-0.41984503751081,0.573951684529808,-0.508978289315605,1.09309832199652,-1.88455261813043,2.34956172573721,0.987055081387484
"SAM59fda9035d1d",-1.26067570233272,1.21477629264645,0.941152278255435,2.59253159103644,-0.82716799362927,-1.65669764702594,-0.354742505816096,0.594127463491241,3.38601960005475,0.698947071896665,0.529369407483338,-0.0197843209324456,-1.20675934657017,0.527334732802305
"SAM6f2a102a99df",-0.127786866611477,-1.0602566014518,-1.68567417933366,0.383379796400341,1.76250430486434,-0.71347435380401,1.05044486283133,-0.978574128339558,0.446621147611863,-0.440485065024943,0.577031091062337,-0.403735523978169,-0.2068264103826,-1.45495470461882
"SAMe56c96c51190",1.03964663905724,1.73139304048067,1.27008339177026,1.43841738904036,0.437603884798356,0.0701071671693607,1.63116951878294,0.505986842174253,1.2103646709239,1.87668903760013,1.54800934519405,-0.420356185767539,-0.208496272835904,1.07522536539008
"SAM1ab1b28d9f2b",0.382160953171192,-1.56694050206093,1.80669302465238,-1.67228324331931,-0.397268752305701,0.826594262465605,-0.796665971311203,0.672169719841655,-0.748837558840926,-0.789119269035523,-0.125735328087934,-0.396649891790461,-0.442194113453553,-1.46388489323195
"SAM6662f5181f87",0.236373134272694,0.28695491448551,-1.04077846837073,0.848923512855527,0.155513090528981,-0.826897157742482,-0.0270925678839111,-1.0557175283439,0.749267419488138,-0.197329485638162,0.68524708070304,-0.29978751722148,0.473651994024093,1.11880327489863
"SAM18b9351e265a",-0.349210122780386,1.01352763453697,1.44273168060257,-1.01754970209032,0.986684100038547,0.990279208170092,1.56133209317926,0.0887499662534489,0.442392942441911,-0.991458338743023,0.607000476863851,-1.06207965359527,-0.0968965821477425,-1.42576457146845
"SAM7fb7a13c096b",-0.468760884838466,1.02045822383863,-0.798905481761553,0.11229264027364,0.09343356442583,-0.208780396219405,-0.0813982096915963,-0.71330991465508,0.197049829373014,0.447075656163943,1.73389895457363,-0.614651083613213,-0.871474088306534,0.194409469392919
"SAM87a8e18eb45b",-0.498374654078693,-0.242296765938878,-0.682222109210532,-0.840110897312745,-0.865231381191517,0.328038454908447,-1.0190923851818,-0.343697182647824,-1.49094597599005,-1.06358185719569,-0.955692776048655,1.55686784889637,-0.276743200841726,0.550344409199587
"SAM9725303dce0c",-0.784444866168278,-0.730361673379931,-0.898227799935133,-1.26488718070435,-0.316556170070581,0.272998818740401,-0.941779330771102,0.114581635657134,-1.33129448522498,0.483305050303113,-0.438472073117826,1.08494361446436,-1.83368560692203,-0.131883034489196
"SAM6ff654a20f98",0.0946434086364377,-0.203851295589798,-0.798271456087721,-0.408399818027327,-0.699760151136264,-1.1958093880946,0.375621060755192,-1.13659881398941,1.1017627317,-0.715400588739507,1.04179032319192,-1.39888894002808,-0.052197161730059,0.600751941221217
"SAM94859b440b1d",0.224473262079082,1.41765267041315,-1.69700096432388,0.99721750637929,-1.0853480809315,-0.186115094782417,-0.826711869920024,-1.77435709458756,-0.373402752455539,-0.205127089241389,-0.278403479911434,-0.218696861716395,-0.253924418979337,1.23448988375922
"SAMc57eadb2d82b",-2.27684790616588,-0.287471740354239,-1.29285782034596,1.36159488356605,-1.06507868583217,-0.698369527372449,-1.15060468373404,-1.43870057689365,-1.71804322384896,-1.23849936136082,-1.179488687426,0.294617707542949,-1.09150683940072,0.254067113983132
"SAMaabf4afe4213",-1.62201492121135,-1.02196562088486,-0.108457516009813,-1.79069883330513,-1.47477228088912,-0.168867671024514,-0.108537878211647,-0.78100181648632,-0.433333090183807,-2.11881438867287,-1.03004693630595,-1.33597466435189,-0.546161046606042,-1.88629221113474
"SAMce39dd79b441",-0.859722993181963,0.781686900339569,1.2024533234634,0.154299355395226,1.06123684665214,1.694541548885,0.00897624466236007,1.63698227960046,-0.54823638010929,0.916676765270294,-1.87047725094182,1.44010021947105,-2.23147652054878,-0.773091817808972
"SAM6964a6d7b967",-0.922008030640987,-1.49784282934107,-2.23594706193299,1.54457400810772,-1.28679068365054,-1.11126093043971,-1.12235014205926,-1.6738253832492,-0.875010953915862,-0.849399903416052,0.537322520195681,0.553735719683603,-0.274223619957445,0.429842999225995
"SAMf20b827dca51",0.75725255953912,0.556382386200818,-0.231553558109679,-0.836620194081526,0.596670434854705,-0.72844608275106,1.55625259525807,-0.330144297613332,0.429190670635059,0.0970457216926921,1.38780132980312,-1.17007193788345,-0.197774265405826,0.00956995922943859
"SAM6792d6e98068",-0.41910892215335,0.808295572206048,-1.69484478387545,0.252195561377021,-1.34897636312347,-0.0347255192806774,-1.27442689230779,-1.54798546269774,-1.29267852861241,-0.53641115605233,-0.832386022051706,0.955406403569905,1.72440732777731,1.85090553437145
"SAM31d9176e11fb",-1.54570749612858,1.39621510559121,-0.314040558295399,-0.0278714939100534,0.0320832878822791,1.29156960063529,0.715826075784064,0.175174413176918,-0.129454557089585,-0.324640782964346,-0.428001258601147,0.774397524124661,0.11795708447636,-0.335141815054307
"SAM5cc2d9036053",-0.36083731341808,1.45005544629154,0.175188757642954,0.143713635787767,-0.710766577278603,-0.17061057211252,0.696007096739288,-1.36334677179369,1.24602836106758,-1.2656337528261,1.29818683040641,-1.4943981830929,0.124381055753906,0.898805487653036
"SAM80c6183220e6",0.0818718898452443,1.48675483513077,1.1063774645255,-0.875684969186912,1.47685643917739,1.31680611130116,0.620324855312235,1.68175499048269,0.55816752030572,1.62662915390863,0.66290296405022,0.0742531251236836,1.56236505007418,0.0323997869562815
"SAM572f19794c96",-1.3327110008906,0.906205010872107,0.374147966942493,0.0600474230693229,-0.117388699390019,2.03459239871454,0.0757889897873344,2.18067728976741,0.057267715841708,0.336947645144789,-0.694786737739824,0.70147913391121,1.15233785971756,0.177944611775406
"SAM1f83ebd6be9b",0.910431525418092,-0.578777654185649,0.517446642729204,0.275276561969656,0.838257465359791,-0.180567254818505,-1.13671117647074,0.101832693314042,-1.35320562640275,-1.22844083889075,-1.08055672071187,-1.51512831480096,-0.665069349800774,0.8445122979518
"SAMe7e4f7c076a7",-0.104721393350864,4.00782350707988,0.9459139907278,2.7860531678564,1.96168343321728,1.89552374510847,1.9745562222312,1.88480441689528,1.33874507624726,2.79032774481155,0.538192395106865,1.41427842065038,0.696017553440723,0.778789301683292
"SAMc6eff056c89a",-0.132536445688406,0.116661595272354,0.357842172354825,-0.267087513919084,0.768442104978098,-0.950326271066289,-0.542185574537794,-1.33984422147448,-0.41173096033582,0.379990757516584,1.24437759554568,-0.884681263261414,-0.0670452477366811,1.18673416050399
"SAM5cfa1699bdb7",0.160597406995593,0.514924552261076,-0.906779149197946,0.755330369654169,0.116449112417399,-1.39160990814387,0.235732826751308,-0.878818188054083,1.4534864329828,0.354701832294215,0.629191229849646,-0.656687754284561,-0.863276653635536,-0.165272487461342
"SAMda4d892fddc8",-0.17634069057773,0.956388300507355,-0.715528223365911,0.284000462021606,-0.595074310394699,-1.16141515542349,0.551056579015057,-1.11135412565591,1.00482454644638,-0.502236867660225,1.01132237960705,-0.823938898044636,1.85050389953805,1.07426336321343
"SAMe3d4266775a9",-0.923002986140346,-0.446414878311558,-0.308222199095482,-0.693490808579204,-0.317781006931188,0.642152883104108,-0.655323022058847,-0.497002494304149,0.396950002897322,-0.389650784129008,-0.224528531451667,2.11127235274863,1.670769582328,-0.173643047756987
